"","envNames","Model","Performance","Entropy","Ruggedness","walkSize"
"1","ackley","hillClimbing",0.1639468,"Shannon",0.602442317512635,"10"
"2","ackley","hillClimbing",0.1639468,"Quadratic",0.344095238095238,"10"
"3","ackley","hillClimbing",0.1639468,"Tsallis",0.0582508271756478,"10"
"4","ackley","hillClimbing",0.1639468,"Shannon",0.939773230771967,"100"
"5","ackley","hillClimbing",0.1639468,"Hartley",0.973650277305938,"100"
"6","ackley","hillClimbing",0.1639468,"Tsallis",0.060532711390155,"100"
"7","ackley","hillClimbing",0.1639468,"Quadratic",0.442367616901659,"1000"
"8","ackley","hillClimbing",0.1639468,"Hartley",0.963600343010102,"1000"
"9","ackley","hillClimbing",0.1639468,"Shannon",0.94691380392445,"10000"
"10","ackley","hillClimbing",0.1639468,"Quadratic",0.442068032160386,"10000"
"11","ackley","hillClimbing",0.1639468,"Tsallis",0.0596343426006086,"10000"
"12","ackley","hillClimbing",0.1639468,"Hartley",0.623430319090626,"10"
"13","ackley","hillClimbing",0.1639468,"Quadratic",0.442005370312738,"100"
"14","ackley","hillClimbing",0.1639468,"Shannon",0.946861768919938,"1000"
"15","ackley","hillClimbing",0.1639468,"Tsallis",0.0597550349772024,"1000"
"16","ackley","hillClimbing",0.1639468,"Hartley",0.961654045515816,"10000"
"17","ackley","random",0.4890942,"Shannon",0.602442317512635,"10"
"18","ackley","random",0.4890942,"Quadratic",0.344095238095238,"10"
"19","ackley","random",0.4890942,"Tsallis",0.0582508271756478,"10"
"20","ackley","random",0.4890942,"Shannon",0.939773230771967,"100"
"21","ackley","random",0.4890942,"Hartley",0.973650277305938,"100"
"22","ackley","random",0.4890942,"Tsallis",0.060532711390155,"100"
"23","ackley","random",0.4890942,"Quadratic",0.442367616901659,"1000"
"24","ackley","random",0.4890942,"Hartley",0.963600343010102,"1000"
"25","ackley","random",0.4890942,"Shannon",0.94691380392445,"10000"
"26","ackley","random",0.4890942,"Quadratic",0.442068032160386,"10000"
"27","ackley","random",0.4890942,"Tsallis",0.0596343426006086,"10000"
"28","ackley","random",0.4890942,"Hartley",0.623430319090626,"10"
"29","ackley","random",0.4890942,"Quadratic",0.442005370312738,"100"
"30","ackley","random",0.4890942,"Shannon",0.946861768919938,"1000"
"31","ackley","random",0.4890942,"Tsallis",0.0597550349772024,"1000"
"32","ackley","random",0.4890942,"Hartley",0.961654045515816,"10000"
"33","ackley","hybrid",0.7671833,"Shannon",0.602442317512635,"10"
"34","ackley","hybrid",0.7671833,"Quadratic",0.344095238095238,"10"
"35","ackley","hybrid",0.7671833,"Tsallis",0.0582508271756478,"10"
"36","ackley","hybrid",0.7671833,"Shannon",0.939773230771967,"100"
"37","ackley","hybrid",0.7671833,"Hartley",0.973650277305938,"100"
"38","ackley","hybrid",0.7671833,"Tsallis",0.060532711390155,"100"
"39","ackley","hybrid",0.7671833,"Quadratic",0.442367616901659,"1000"
"40","ackley","hybrid",0.7671833,"Hartley",0.963600343010102,"1000"
"41","ackley","hybrid",0.7671833,"Shannon",0.94691380392445,"10000"
"42","ackley","hybrid",0.7671833,"Quadratic",0.442068032160386,"10000"
"43","ackley","hybrid",0.7671833,"Tsallis",0.0596343426006086,"10000"
"44","ackley","hybrid",0.7671833,"Hartley",0.623430319090626,"10"
"45","ackley","hybrid",0.7671833,"Quadratic",0.442005370312738,"100"
"46","ackley","hybrid",0.7671833,"Shannon",0.946861768919938,"1000"
"47","ackley","hybrid",0.7671833,"Tsallis",0.0597550349772024,"1000"
"48","ackley","hybrid",0.7671833,"Hartley",0.961654045515816,"10000"
"49","crossit","hybrid",0.9920558,"Tsallis",0.0595397082034568,"10"
"50","crossit","hybrid",0.9920558,"Shannon",0.553634829966226,"10"
"51","crossit","hybrid",0.9920558,"Quadratic",0.423921155792774,"1000"
"52","crossit","hybrid",0.9920558,"Hartley",0.911847936501714,"100"
"53","crossit","hybrid",0.9920558,"Hartley",0.906897675419002,"10000"
"54","crossit","hybrid",0.9920558,"Hartley",0.573423410970496,"10"
"55","crossit","hybrid",0.9920558,"Shannon",0.896650560113341,"10000"
"56","crossit","hybrid",0.9920558,"Tsallis",0.0562387883558844,"10000"
"57","crossit","hybrid",0.9920558,"Quadratic",0.3260625,"10"
"58","crossit","hybrid",0.9920558,"Shannon",0.905945513964156,"1000"
"59","crossit","hybrid",0.9920558,"Shannon",0.845084277556217,"100"
"60","crossit","hybrid",0.9920558,"Quadratic",0.407001383426013,"100"
"61","crossit","hybrid",0.9920558,"Tsallis",0.0585174846776942,"100"
"62","crossit","hybrid",0.9920558,"Hartley",0.921696870052404,"1000"
"63","crossit","hybrid",0.9920558,"Tsallis",0.0571565088209681,"1000"
"64","crossit","hybrid",0.9920558,"Quadratic",0.418593381744646,"10000"
"65","crossit","hillClimbing",0.8280546,"Tsallis",0.0595397082034568,"10"
"66","crossit","hillClimbing",0.8280546,"Shannon",0.553634829966226,"10"
"67","crossit","hillClimbing",0.8280546,"Quadratic",0.423921155792774,"1000"
"68","crossit","hillClimbing",0.8280546,"Hartley",0.911847936501714,"100"
"69","crossit","hillClimbing",0.8280546,"Hartley",0.906897675419002,"10000"
"70","crossit","hillClimbing",0.8280546,"Hartley",0.573423410970496,"10"
"71","crossit","hillClimbing",0.8280546,"Shannon",0.896650560113341,"10000"
"72","crossit","hillClimbing",0.8280546,"Tsallis",0.0562387883558844,"10000"
"73","crossit","hillClimbing",0.8280546,"Quadratic",0.3260625,"10"
"74","crossit","hillClimbing",0.8280546,"Shannon",0.905945513964156,"1000"
"75","crossit","hillClimbing",0.8280546,"Shannon",0.845084277556217,"100"
"76","crossit","hillClimbing",0.8280546,"Quadratic",0.407001383426013,"100"
"77","crossit","hillClimbing",0.8280546,"Tsallis",0.0585174846776942,"100"
"78","crossit","hillClimbing",0.8280546,"Hartley",0.921696870052404,"1000"
"79","crossit","hillClimbing",0.8280546,"Tsallis",0.0571565088209681,"1000"
"80","crossit","hillClimbing",0.8280546,"Quadratic",0.418593381744646,"10000"
"81","crossit","random",0.9496214,"Tsallis",0.0595397082034568,"10"
"82","crossit","random",0.9496214,"Shannon",0.553634829966226,"10"
"83","crossit","random",0.9496214,"Quadratic",0.423921155792774,"1000"
"84","crossit","random",0.9496214,"Hartley",0.911847936501714,"100"
"85","crossit","random",0.9496214,"Hartley",0.906897675419002,"10000"
"86","crossit","random",0.9496214,"Hartley",0.573423410970496,"10"
"87","crossit","random",0.9496214,"Shannon",0.896650560113341,"10000"
"88","crossit","random",0.9496214,"Tsallis",0.0562387883558844,"10000"
"89","crossit","random",0.9496214,"Quadratic",0.3260625,"10"
"90","crossit","random",0.9496214,"Shannon",0.905945513964156,"1000"
"91","crossit","random",0.9496214,"Shannon",0.845084277556217,"100"
"92","crossit","random",0.9496214,"Quadratic",0.407001383426013,"100"
"93","crossit","random",0.9496214,"Tsallis",0.0585174846776942,"100"
"94","crossit","random",0.9496214,"Hartley",0.921696870052404,"1000"
"95","crossit","random",0.9496214,"Tsallis",0.0571565088209681,"1000"
"96","crossit","random",0.9496214,"Quadratic",0.418593381744646,"10000"
"97","drop","hybrid",0.8937955,"Hartley",0.906021329769421,"10000"
"98","drop","hybrid",0.8937955,"Quadratic",0.415099689703783,"10000"
"99","drop","hybrid",0.8937955,"Shannon",0.541375842269267,"10"
"100","drop","hybrid",0.8937955,"Quadratic",0.318529761904762,"10"
"101","drop","hybrid",0.8937955,"Tsallis",0.0561844319396263,"10000"
"102","drop","hybrid",0.8937955,"Shannon",0.896357612288394,"100"
"103","drop","hybrid",0.8937955,"Hartley",0.942950782132816,"100"
"104","drop","hybrid",0.8937955,"Tsallis",0.0594553919482969,"100"
"105","drop","hybrid",0.8937955,"Tsallis",0.0565481413776515,"10"
"106","drop","hybrid",0.8937955,"Hartley",0.907495650211127,"1000"
"107","drop","hybrid",0.8937955,"Shannon",0.88416219420055,"10000"
"108","drop","hybrid",0.8937955,"Quadratic",0.428690435931687,"100"
"109","drop","hybrid",0.8937955,"Quadratic",0.4158501240375,"1000"
"110","drop","hybrid",0.8937955,"Hartley",0.557327410086449,"10"
"111","drop","hybrid",0.8937955,"Tsallis",0.0562758553235083,"1000"
"112","drop","hybrid",0.8937955,"Shannon",0.886741956763261,"1000"
"113","drop","random",0.6319627,"Hartley",0.906021329769421,"10000"
"114","drop","random",0.6319627,"Quadratic",0.415099689703783,"10000"
"115","drop","random",0.6319627,"Shannon",0.541375842269267,"10"
"116","drop","random",0.6319627,"Quadratic",0.318529761904762,"10"
"117","drop","random",0.6319627,"Tsallis",0.0561844319396263,"10000"
"118","drop","random",0.6319627,"Shannon",0.896357612288394,"100"
"119","drop","random",0.6319627,"Hartley",0.942950782132816,"100"
"120","drop","random",0.6319627,"Tsallis",0.0594553919482969,"100"
"121","drop","random",0.6319627,"Tsallis",0.0565481413776515,"10"
"122","drop","random",0.6319627,"Hartley",0.907495650211127,"1000"
"123","drop","random",0.6319627,"Shannon",0.88416219420055,"10000"
"124","drop","random",0.6319627,"Quadratic",0.428690435931687,"100"
"125","drop","random",0.6319627,"Quadratic",0.4158501240375,"1000"
"126","drop","random",0.6319627,"Hartley",0.557327410086449,"10"
"127","drop","random",0.6319627,"Tsallis",0.0562758553235083,"1000"
"128","drop","random",0.6319627,"Shannon",0.886741956763261,"1000"
"129","drop","hillClimbing",0.2616505,"Hartley",0.906021329769421,"10000"
"130","drop","hillClimbing",0.2616505,"Quadratic",0.415099689703783,"10000"
"131","drop","hillClimbing",0.2616505,"Shannon",0.541375842269267,"10"
"132","drop","hillClimbing",0.2616505,"Quadratic",0.318529761904762,"10"
"133","drop","hillClimbing",0.2616505,"Tsallis",0.0561844319396263,"10000"
"134","drop","hillClimbing",0.2616505,"Shannon",0.896357612288394,"100"
"135","drop","hillClimbing",0.2616505,"Hartley",0.942950782132816,"100"
"136","drop","hillClimbing",0.2616505,"Tsallis",0.0594553919482969,"100"
"137","drop","hillClimbing",0.2616505,"Tsallis",0.0565481413776515,"10"
"138","drop","hillClimbing",0.2616505,"Hartley",0.907495650211127,"1000"
"139","drop","hillClimbing",0.2616505,"Shannon",0.88416219420055,"10000"
"140","drop","hillClimbing",0.2616505,"Quadratic",0.428690435931687,"100"
"141","drop","hillClimbing",0.2616505,"Quadratic",0.4158501240375,"1000"
"142","drop","hillClimbing",0.2616505,"Hartley",0.557327410086449,"10"
"143","drop","hillClimbing",0.2616505,"Tsallis",0.0562758553235083,"1000"
"144","drop","hillClimbing",0.2616505,"Shannon",0.886741956763261,"1000"
"145","egg","hybrid",0.949713,"Hartley",0.925748963533435,"10000"
"146","egg","hybrid",0.949713,"Shannon",0.572209097739383,"10"
"147","egg","hybrid",0.949713,"Quadratic",0.42658322678522,"10000"
"148","egg","hybrid",0.949713,"Shannon",0.914266671428584,"10000"
"149","egg","hybrid",0.949713,"Hartley",0.858287894590101,"100"
"150","egg","hybrid",0.949713,"Tsallis",0.05740779412423,"10000"
"151","egg","hybrid",0.949713,"Tsallis",0.0593130592862492,"10"
"152","egg","hybrid",0.949713,"Hartley",0.590700063494557,"10"
"153","egg","hybrid",0.949713,"Tsallis",0.0567523600172909,"1000"
"154","egg","hybrid",0.949713,"Quadratic",0.389410727029646,"100"
"155","egg","hybrid",0.949713,"Quadratic",0.41983220811942,"1000"
"156","egg","hybrid",0.949713,"Shannon",0.895499560256316,"1000"
"157","egg","hybrid",0.949713,"Shannon",0.800390372840247,"100"
"158","egg","hybrid",0.949713,"Quadratic",0.334657738095238,"10"
"159","egg","hybrid",0.949713,"Hartley",0.915179748936874,"1000"
"160","egg","hybrid",0.949713,"Tsallis",0.056687305186278,"100"
"161","egg","random",0.8390647,"Hartley",0.925748963533435,"10000"
"162","egg","random",0.8390647,"Shannon",0.572209097739383,"10"
"163","egg","random",0.8390647,"Quadratic",0.42658322678522,"10000"
"164","egg","random",0.8390647,"Shannon",0.914266671428584,"10000"
"165","egg","random",0.8390647,"Hartley",0.858287894590101,"100"
"166","egg","random",0.8390647,"Tsallis",0.05740779412423,"10000"
"167","egg","random",0.8390647,"Tsallis",0.0593130592862492,"10"
"168","egg","random",0.8390647,"Hartley",0.590700063494557,"10"
"169","egg","random",0.8390647,"Tsallis",0.0567523600172909,"1000"
"170","egg","random",0.8390647,"Quadratic",0.389410727029646,"100"
"171","egg","random",0.8390647,"Quadratic",0.41983220811942,"1000"
"172","egg","random",0.8390647,"Shannon",0.895499560256316,"1000"
"173","egg","random",0.8390647,"Shannon",0.800390372840247,"100"
"174","egg","random",0.8390647,"Quadratic",0.334657738095238,"10"
"175","egg","random",0.8390647,"Hartley",0.915179748936874,"1000"
"176","egg","random",0.8390647,"Tsallis",0.056687305186278,"100"
"177","egg","hillClimbing",0.7067217,"Hartley",0.925748963533435,"10000"
"178","egg","hillClimbing",0.7067217,"Shannon",0.572209097739383,"10"
"179","egg","hillClimbing",0.7067217,"Quadratic",0.42658322678522,"10000"
"180","egg","hillClimbing",0.7067217,"Shannon",0.914266671428584,"10000"
"181","egg","hillClimbing",0.7067217,"Hartley",0.858287894590101,"100"
"182","egg","hillClimbing",0.7067217,"Tsallis",0.05740779412423,"10000"
"183","egg","hillClimbing",0.7067217,"Tsallis",0.0593130592862492,"10"
"184","egg","hillClimbing",0.7067217,"Hartley",0.590700063494557,"10"
"185","egg","hillClimbing",0.7067217,"Tsallis",0.0567523600172909,"1000"
"186","egg","hillClimbing",0.7067217,"Quadratic",0.389410727029646,"100"
"187","egg","hillClimbing",0.7067217,"Quadratic",0.41983220811942,"1000"
"188","egg","hillClimbing",0.7067217,"Shannon",0.895499560256316,"1000"
"189","egg","hillClimbing",0.7067217,"Shannon",0.800390372840247,"100"
"190","egg","hillClimbing",0.7067217,"Quadratic",0.334657738095238,"10"
"191","egg","hillClimbing",0.7067217,"Hartley",0.915179748936874,"1000"
"192","egg","hillClimbing",0.7067217,"Tsallis",0.056687305186278,"100"
"193","griewank","hybrid",0.9912987,"Tsallis",0.0719658298560155,"10000"
"194","griewank","hybrid",0.9912987,"Hartley",1.16050923901953,"10000"
"195","griewank","hybrid",0.9912987,"Tsallis",0.0719360799704404,"1000"
"196","griewank","hybrid",0.9912987,"Quadratic",0.539525827169118,"10000"
"197","griewank","hybrid",0.9912987,"Shannon",1.15984845586086,"10000"
"198","griewank","hybrid",0.9912987,"Hartley",1.16002960506245,"1000"
"199","griewank","hybrid",0.9912987,"Tsallis",0.0730245624421501,"10"
"200","griewank","hybrid",0.9912987,"Shannon",1.13581911211558,"100"
"201","griewank","hybrid",0.9912987,"Shannon",0.889179094743151,"10"
"202","griewank","hybrid",0.9912987,"Quadratic",0.473705357142857,"10"
"203","griewank","hybrid",0.9912987,"Quadratic",0.537805165663633,"1000"
"204","griewank","hybrid",0.9912987,"Hartley",0.923147953957147,"10"
"205","griewank","hybrid",0.9912987,"Hartley",1.16372949200373,"100"
"206","griewank","hybrid",0.9912987,"Tsallis",0.0721654255404217,"100"
"207","griewank","hybrid",0.9912987,"Shannon",1.15493056491868,"1000"
"208","griewank","hybrid",0.9912987,"Quadratic",0.532053963833062,"100"
"209","griewank","random",0.9679674,"Tsallis",0.0719658298560155,"10000"
"210","griewank","random",0.9679674,"Hartley",1.16050923901953,"10000"
"211","griewank","random",0.9679674,"Tsallis",0.0719360799704404,"1000"
"212","griewank","random",0.9679674,"Quadratic",0.539525827169118,"10000"
"213","griewank","random",0.9679674,"Shannon",1.15984845586086,"10000"
"214","griewank","random",0.9679674,"Hartley",1.16002960506245,"1000"
"215","griewank","random",0.9679674,"Tsallis",0.0730245624421501,"10"
"216","griewank","random",0.9679674,"Shannon",1.13581911211558,"100"
"217","griewank","random",0.9679674,"Shannon",0.889179094743151,"10"
"218","griewank","random",0.9679674,"Quadratic",0.473705357142857,"10"
"219","griewank","random",0.9679674,"Quadratic",0.537805165663633,"1000"
"220","griewank","random",0.9679674,"Hartley",0.923147953957147,"10"
"221","griewank","random",0.9679674,"Hartley",1.16372949200373,"100"
"222","griewank","random",0.9679674,"Tsallis",0.0721654255404217,"100"
"223","griewank","random",0.9679674,"Shannon",1.15493056491868,"1000"
"224","griewank","random",0.9679674,"Quadratic",0.532053963833062,"100"
"225","griewank","hillClimbing",0.6742425,"Tsallis",0.0719658298560155,"10000"
"226","griewank","hillClimbing",0.6742425,"Hartley",1.16050923901953,"10000"
"227","griewank","hillClimbing",0.6742425,"Tsallis",0.0719360799704404,"1000"
"228","griewank","hillClimbing",0.6742425,"Quadratic",0.539525827169118,"10000"
"229","griewank","hillClimbing",0.6742425,"Shannon",1.15984845586086,"10000"
"230","griewank","hillClimbing",0.6742425,"Hartley",1.16002960506245,"1000"
"231","griewank","hillClimbing",0.6742425,"Tsallis",0.0730245624421501,"10"
"232","griewank","hillClimbing",0.6742425,"Shannon",1.13581911211558,"100"
"233","griewank","hillClimbing",0.6742425,"Shannon",0.889179094743151,"10"
"234","griewank","hillClimbing",0.6742425,"Quadratic",0.473705357142857,"10"
"235","griewank","hillClimbing",0.6742425,"Quadratic",0.537805165663633,"1000"
"236","griewank","hillClimbing",0.6742425,"Hartley",0.923147953957147,"10"
"237","griewank","hillClimbing",0.6742425,"Hartley",1.16372949200373,"100"
"238","griewank","hillClimbing",0.6742425,"Tsallis",0.0721654255404217,"100"
"239","griewank","hillClimbing",0.6742425,"Shannon",1.15493056491868,"1000"
"240","griewank","hillClimbing",0.6742425,"Quadratic",0.532053963833062,"100"
"241","holder","hybrid",0.9499782,"Hartley",0.902231000426134,"10000"
"242","holder","hybrid",0.9499782,"Quadratic",0.416301852700799,"10000"
"243","holder","hybrid",0.9499782,"Tsallis",0.0548485524068491,"1000"
"244","holder","hybrid",0.9499782,"Tsallis",0.0559493976757805,"10000"
"245","holder","hybrid",0.9499782,"Tsallis",0.0580416957305226,"10"
"246","holder","hybrid",0.9499782,"Shannon",0.891414019675577,"10000"
"247","holder","hybrid",0.9499782,"Hartley",0.884479261037276,"1000"
"248","holder","hybrid",0.9499782,"Quadratic",0.404791526416167,"1000"
"249","holder","hybrid",0.9499782,"Shannon",0.862105201818439,"1000"
"250","holder","hybrid",0.9499782,"Hartley",0.629941697465375,"10"
"251","holder","hybrid",0.9499782,"Shannon",0.608468035219145,"10"
"252","holder","hybrid",0.9499782,"Quadratic",0.395643587432264,"100"
"253","holder","hybrid",0.9499782,"Quadratic",0.340190476190476,"10"
"254","holder","hybrid",0.9499782,"Hartley",0.882179375727969,"100"
"255","holder","hybrid",0.9499782,"Tsallis",0.0572801568381658,"100"
"256","holder","hybrid",0.9499782,"Shannon",0.81733935347879,"100"
"257","holder","random",0.6768137,"Hartley",0.902231000426134,"10000"
"258","holder","random",0.6768137,"Quadratic",0.416301852700799,"10000"
"259","holder","random",0.6768137,"Tsallis",0.0548485524068491,"1000"
"260","holder","random",0.6768137,"Tsallis",0.0559493976757805,"10000"
"261","holder","random",0.6768137,"Tsallis",0.0580416957305226,"10"
"262","holder","random",0.6768137,"Shannon",0.891414019675577,"10000"
"263","holder","random",0.6768137,"Hartley",0.884479261037276,"1000"
"264","holder","random",0.6768137,"Quadratic",0.404791526416167,"1000"
"265","holder","random",0.6768137,"Shannon",0.862105201818439,"1000"
"266","holder","random",0.6768137,"Hartley",0.629941697465375,"10"
"267","holder","random",0.6768137,"Shannon",0.608468035219145,"10"
"268","holder","random",0.6768137,"Quadratic",0.395643587432264,"100"
"269","holder","random",0.6768137,"Quadratic",0.340190476190476,"10"
"270","holder","random",0.6768137,"Hartley",0.882179375727969,"100"
"271","holder","random",0.6768137,"Tsallis",0.0572801568381658,"100"
"272","holder","random",0.6768137,"Shannon",0.81733935347879,"100"
"273","holder","hillClimbing",0.2740507,"Hartley",0.902231000426134,"10000"
"274","holder","hillClimbing",0.2740507,"Quadratic",0.416301852700799,"10000"
"275","holder","hillClimbing",0.2740507,"Tsallis",0.0548485524068491,"1000"
"276","holder","hillClimbing",0.2740507,"Tsallis",0.0559493976757805,"10000"
"277","holder","hillClimbing",0.2740507,"Tsallis",0.0580416957305226,"10"
"278","holder","hillClimbing",0.2740507,"Shannon",0.891414019675577,"10000"
"279","holder","hillClimbing",0.2740507,"Hartley",0.884479261037276,"1000"
"280","holder","hillClimbing",0.2740507,"Quadratic",0.404791526416167,"1000"
"281","holder","hillClimbing",0.2740507,"Shannon",0.862105201818439,"1000"
"282","holder","hillClimbing",0.2740507,"Hartley",0.629941697465375,"10"
"283","holder","hillClimbing",0.2740507,"Shannon",0.608468035219145,"10"
"284","holder","hillClimbing",0.2740507,"Quadratic",0.395643587432264,"100"
"285","holder","hillClimbing",0.2740507,"Quadratic",0.340190476190476,"10"
"286","holder","hillClimbing",0.2740507,"Hartley",0.882179375727969,"100"
"287","holder","hillClimbing",0.2740507,"Tsallis",0.0572801568381658,"100"
"288","holder","hillClimbing",0.2740507,"Shannon",0.81733935347879,"100"
"289","langer","hybrid",0.9599123,"Hartley",0.923994480116378,"10000"
"290","langer","hybrid",0.9599123,"Tsallis",0.057464912871361,"1000"
"291","langer","hybrid",0.9599123,"Shannon",0.918609783770523,"10000"
"292","langer","hybrid",0.9599123,"Hartley",0.926669990022105,"1000"
"293","langer","hybrid",0.9599123,"Quadratic",0.428027311692618,"10000"
"294","langer","hybrid",0.9599123,"Shannon",0.916487145831843,"1000"
"295","langer","hybrid",0.9599123,"Shannon",0.585536151158354,"10"
"296","langer","hybrid",0.9599123,"Tsallis",0.0572990051557765,"10000"
"297","langer","hybrid",0.9599123,"Quadratic",0.427829419769114,"1000"
"298","langer","hybrid",0.9599123,"Tsallis",0.0563822179625647,"100"
"299","langer","hybrid",0.9599123,"Hartley",0.900678740591748,"100"
"300","langer","hybrid",0.9599123,"Quadratic",0.336985119047619,"10"
"301","langer","hybrid",0.9599123,"Tsallis",0.0588903724987659,"10"
"302","langer","hybrid",0.9599123,"Shannon",0.851235592101232,"100"
"303","langer","hybrid",0.9599123,"Quadratic",0.405661096356405,"100"
"304","langer","hybrid",0.9599123,"Hartley",0.607450079556216,"10"
"305","langer","random",0.824881,"Hartley",0.923994480116378,"10000"
"306","langer","random",0.824881,"Tsallis",0.057464912871361,"1000"
"307","langer","random",0.824881,"Shannon",0.918609783770523,"10000"
"308","langer","random",0.824881,"Hartley",0.926669990022105,"1000"
"309","langer","random",0.824881,"Quadratic",0.428027311692618,"10000"
"310","langer","random",0.824881,"Shannon",0.916487145831843,"1000"
"311","langer","random",0.824881,"Shannon",0.585536151158354,"10"
"312","langer","random",0.824881,"Tsallis",0.0572990051557765,"10000"
"313","langer","random",0.824881,"Quadratic",0.427829419769114,"1000"
"314","langer","random",0.824881,"Tsallis",0.0563822179625647,"100"
"315","langer","random",0.824881,"Hartley",0.900678740591748,"100"
"316","langer","random",0.824881,"Quadratic",0.336985119047619,"10"
"317","langer","random",0.824881,"Tsallis",0.0588903724987659,"10"
"318","langer","random",0.824881,"Shannon",0.851235592101232,"100"
"319","langer","random",0.824881,"Quadratic",0.405661096356405,"100"
"320","langer","random",0.824881,"Hartley",0.607450079556216,"10"
"321","langer","hillClimbing",0.6408546,"Hartley",0.923994480116378,"10000"
"322","langer","hillClimbing",0.6408546,"Tsallis",0.057464912871361,"1000"
"323","langer","hillClimbing",0.6408546,"Shannon",0.918609783770523,"10000"
"324","langer","hillClimbing",0.6408546,"Hartley",0.926669990022105,"1000"
"325","langer","hillClimbing",0.6408546,"Quadratic",0.428027311692618,"10000"
"326","langer","hillClimbing",0.6408546,"Shannon",0.916487145831843,"1000"
"327","langer","hillClimbing",0.6408546,"Shannon",0.585536151158354,"10"
"328","langer","hillClimbing",0.6408546,"Tsallis",0.0572990051557765,"10000"
"329","langer","hillClimbing",0.6408546,"Quadratic",0.427829419769114,"1000"
"330","langer","hillClimbing",0.6408546,"Tsallis",0.0563822179625647,"100"
"331","langer","hillClimbing",0.6408546,"Hartley",0.900678740591748,"100"
"332","langer","hillClimbing",0.6408546,"Quadratic",0.336985119047619,"10"
"333","langer","hillClimbing",0.6408546,"Tsallis",0.0588903724987659,"10"
"334","langer","hillClimbing",0.6408546,"Shannon",0.851235592101232,"100"
"335","langer","hillClimbing",0.6408546,"Quadratic",0.405661096356405,"100"
"336","langer","hillClimbing",0.6408546,"Hartley",0.607450079556216,"10"
"337","levy","hybrid",0.9969064,"Quadratic",0.417406021188325,"10000"
"338","levy","hybrid",0.9969064,"Hartley",0.897639177780203,"1000"
"339","levy","hybrid",0.9969064,"Tsallis",0.0556645761855329,"1000"
"340","levy","hybrid",0.9969064,"Shannon",0.89492092119951,"10000"
"341","levy","hybrid",0.9969064,"Hartley",0.902987274176899,"10000"
"342","levy","hybrid",0.9969064,"Quadratic",0.411483098211941,"1000"
"343","levy","hybrid",0.9969064,"Shannon",0.88077344738044,"1000"
"344","levy","hybrid",0.9969064,"Hartley",0.855954220140134,"100"
"345","levy","hybrid",0.9969064,"Shannon",0.50057787024206,"10"
"346","levy","hybrid",0.9969064,"Tsallis",0.0559962977514114,"10000"
"347","levy","hybrid",0.9969064,"Tsallis",0.0563711519671455,"100"
"348","levy","hybrid",0.9969064,"Hartley",0.515112965207675,"10"
"349","levy","hybrid",0.9969064,"Quadratic",0.386101500370038,"100"
"350","levy","hybrid",0.9969064,"Tsallis",0.0545578378883973,"10"
"351","levy","hybrid",0.9969064,"Shannon",0.791262760810629,"100"
"352","levy","hybrid",0.9969064,"Quadratic",0.298220238095238,"10"
"353","levy","random",0.9876574,"Quadratic",0.417406021188325,"10000"
"354","levy","random",0.9876574,"Hartley",0.897639177780203,"1000"
"355","levy","random",0.9876574,"Tsallis",0.0556645761855329,"1000"
"356","levy","random",0.9876574,"Shannon",0.89492092119951,"10000"
"357","levy","random",0.9876574,"Hartley",0.902987274176899,"10000"
"358","levy","random",0.9876574,"Quadratic",0.411483098211941,"1000"
"359","levy","random",0.9876574,"Shannon",0.88077344738044,"1000"
"360","levy","random",0.9876574,"Hartley",0.855954220140134,"100"
"361","levy","random",0.9876574,"Shannon",0.50057787024206,"10"
"362","levy","random",0.9876574,"Tsallis",0.0559962977514114,"10000"
"363","levy","random",0.9876574,"Tsallis",0.0563711519671455,"100"
"364","levy","random",0.9876574,"Hartley",0.515112965207675,"10"
"365","levy","random",0.9876574,"Quadratic",0.386101500370038,"100"
"366","levy","random",0.9876574,"Tsallis",0.0545578378883973,"10"
"367","levy","random",0.9876574,"Shannon",0.791262760810629,"100"
"368","levy","random",0.9876574,"Quadratic",0.298220238095238,"10"
"369","levy","hillClimbing",0.9148404,"Quadratic",0.417406021188325,"10000"
"370","levy","hillClimbing",0.9148404,"Hartley",0.897639177780203,"1000"
"371","levy","hillClimbing",0.9148404,"Tsallis",0.0556645761855329,"1000"
"372","levy","hillClimbing",0.9148404,"Shannon",0.89492092119951,"10000"
"373","levy","hillClimbing",0.9148404,"Hartley",0.902987274176899,"10000"
"374","levy","hillClimbing",0.9148404,"Quadratic",0.411483098211941,"1000"
"375","levy","hillClimbing",0.9148404,"Shannon",0.88077344738044,"1000"
"376","levy","hillClimbing",0.9148404,"Hartley",0.855954220140134,"100"
"377","levy","hillClimbing",0.9148404,"Shannon",0.50057787024206,"10"
"378","levy","hillClimbing",0.9148404,"Tsallis",0.0559962977514114,"10000"
"379","levy","hillClimbing",0.9148404,"Tsallis",0.0563711519671455,"100"
"380","levy","hillClimbing",0.9148404,"Hartley",0.515112965207675,"10"
"381","levy","hillClimbing",0.9148404,"Quadratic",0.386101500370038,"100"
"382","levy","hillClimbing",0.9148404,"Tsallis",0.0545578378883973,"10"
"383","levy","hillClimbing",0.9148404,"Shannon",0.791262760810629,"100"
"384","levy","hillClimbing",0.9148404,"Quadratic",0.298220238095238,"10"
"385","levy13","hybrid",0.9954847,"Tsallis",0.0588298366425999,"1000"
"386","levy13","hybrid",0.9954847,"Shannon",0.932575192932257,"1000"
"387","levy13","hybrid",0.9954847,"Quadratic",0.435471801581806,"1000"
"388","levy13","hybrid",0.9954847,"Hartley",0.948048286473628,"10000"
"389","levy13","hybrid",0.9954847,"Hartley",0.948680983100999,"1000"
"390","levy13","hybrid",0.9954847,"Tsallis",0.0587906341960873,"10000"
"391","levy13","hybrid",0.9954847,"Quadratic",0.438369082490206,"10000"
"392","levy13","hybrid",0.9954847,"Tsallis",0.058911275523742,"100"
"393","levy13","hybrid",0.9954847,"Hartley",0.949998183888671,"100"
"394","levy13","hybrid",0.9954847,"Quadratic",0.427592146175793,"100"
"395","levy13","hybrid",0.9954847,"Tsallis",0.0615521674865225,"10"
"396","levy13","hybrid",0.9954847,"Shannon",0.940128440103936,"10000"
"397","levy13","hybrid",0.9954847,"Shannon",0.634193109394029,"10"
"398","levy13","hybrid",0.9954847,"Shannon",0.908539251301561,"100"
"399","levy13","hybrid",0.9954847,"Hartley",0.653228505634879,"10"
"400","levy13","hybrid",0.9954847,"Quadratic",0.361895833333333,"10"
"401","levy13","random",0.9815164,"Tsallis",0.0588298366425999,"1000"
"402","levy13","random",0.9815164,"Shannon",0.932575192932257,"1000"
"403","levy13","random",0.9815164,"Quadratic",0.435471801581806,"1000"
"404","levy13","random",0.9815164,"Hartley",0.948048286473628,"10000"
"405","levy13","random",0.9815164,"Hartley",0.948680983100999,"1000"
"406","levy13","random",0.9815164,"Tsallis",0.0587906341960873,"10000"
"407","levy13","random",0.9815164,"Quadratic",0.438369082490206,"10000"
"408","levy13","random",0.9815164,"Tsallis",0.058911275523742,"100"
"409","levy13","random",0.9815164,"Hartley",0.949998183888671,"100"
"410","levy13","random",0.9815164,"Quadratic",0.427592146175793,"100"
"411","levy13","random",0.9815164,"Tsallis",0.0615521674865225,"10"
"412","levy13","random",0.9815164,"Shannon",0.940128440103936,"10000"
"413","levy13","random",0.9815164,"Shannon",0.634193109394029,"10"
"414","levy13","random",0.9815164,"Shannon",0.908539251301561,"100"
"415","levy13","random",0.9815164,"Hartley",0.653228505634879,"10"
"416","levy13","random",0.9815164,"Quadratic",0.361895833333333,"10"
"417","levy13","hillClimbing",0.849022,"Tsallis",0.0588298366425999,"1000"
"418","levy13","hillClimbing",0.849022,"Shannon",0.932575192932257,"1000"
"419","levy13","hillClimbing",0.849022,"Quadratic",0.435471801581806,"1000"
"420","levy13","hillClimbing",0.849022,"Hartley",0.948048286473628,"10000"
"421","levy13","hillClimbing",0.849022,"Hartley",0.948680983100999,"1000"
"422","levy13","hillClimbing",0.849022,"Tsallis",0.0587906341960873,"10000"
"423","levy13","hillClimbing",0.849022,"Quadratic",0.438369082490206,"10000"
"424","levy13","hillClimbing",0.849022,"Tsallis",0.058911275523742,"100"
"425","levy13","hillClimbing",0.849022,"Hartley",0.949998183888671,"100"
"426","levy13","hillClimbing",0.849022,"Quadratic",0.427592146175793,"100"
"427","levy13","hillClimbing",0.849022,"Tsallis",0.0615521674865225,"10"
"428","levy13","hillClimbing",0.849022,"Shannon",0.940128440103936,"10000"
"429","levy13","hillClimbing",0.849022,"Shannon",0.634193109394029,"10"
"430","levy13","hillClimbing",0.849022,"Shannon",0.908539251301561,"100"
"431","levy13","hillClimbing",0.849022,"Hartley",0.653228505634879,"10"
"432","levy13","hillClimbing",0.849022,"Quadratic",0.361895833333333,"10"
"433","rastr","hybrid",0.9644195,"Hartley",0.91649035456066,"1000"
"434","rastr","hybrid",0.9644195,"Tsallis",0.0568445706074757,"100"
"435","rastr","hybrid",0.9644195,"Shannon",0.893757087738101,"1000"
"436","rastr","hybrid",0.9644195,"Quadratic",0.419475913251351,"1000"
"437","rastr","hybrid",0.9644195,"Quadratic",0.417338069990961,"10000"
"438","rastr","hybrid",0.9644195,"Hartley",0.90532512588127,"100"
"439","rastr","hybrid",0.9644195,"Hartley",0.907924558971581,"10000"
"440","rastr","hybrid",0.9644195,"Tsallis",0.0563024617507151,"10000"
"441","rastr","hybrid",0.9644195,"Tsallis",0.0568336316772021,"1000"
"442","rastr","hybrid",0.9644195,"Shannon",0.892659525248283,"10000"
"443","rastr","hybrid",0.9644195,"Quadratic",0.394760367018292,"100"
"444","rastr","hybrid",0.9644195,"Tsallis",0.0593219725890714,"10"
"445","rastr","hybrid",0.9644195,"Hartley",0.601243466589671,"10"
"446","rastr","hybrid",0.9644195,"Shannon",0.821511753083137,"100"
"447","rastr","hybrid",0.9644195,"Quadratic",0.336494047619047,"10"
"448","rastr","hybrid",0.9644195,"Shannon",0.579665717687529,"10"
"449","rastr","random",0.8827425,"Hartley",0.91649035456066,"1000"
"450","rastr","random",0.8827425,"Tsallis",0.0568445706074757,"100"
"451","rastr","random",0.8827425,"Shannon",0.893757087738101,"1000"
"452","rastr","random",0.8827425,"Quadratic",0.419475913251351,"1000"
"453","rastr","random",0.8827425,"Quadratic",0.417338069990961,"10000"
"454","rastr","random",0.8827425,"Hartley",0.90532512588127,"100"
"455","rastr","random",0.8827425,"Hartley",0.907924558971581,"10000"
"456","rastr","random",0.8827425,"Tsallis",0.0563024617507151,"10000"
"457","rastr","random",0.8827425,"Tsallis",0.0568336316772021,"1000"
"458","rastr","random",0.8827425,"Shannon",0.892659525248283,"10000"
"459","rastr","random",0.8827425,"Quadratic",0.394760367018292,"100"
"460","rastr","random",0.8827425,"Tsallis",0.0593219725890714,"10"
"461","rastr","random",0.8827425,"Hartley",0.601243466589671,"10"
"462","rastr","random",0.8827425,"Shannon",0.821511753083137,"100"
"463","rastr","random",0.8827425,"Quadratic",0.336494047619047,"10"
"464","rastr","random",0.8827425,"Shannon",0.579665717687529,"10"
"465","rastr","hillClimbing",0.7442067,"Hartley",0.91649035456066,"1000"
"466","rastr","hillClimbing",0.7442067,"Tsallis",0.0568445706074757,"100"
"467","rastr","hillClimbing",0.7442067,"Shannon",0.893757087738101,"1000"
"468","rastr","hillClimbing",0.7442067,"Quadratic",0.419475913251351,"1000"
"469","rastr","hillClimbing",0.7442067,"Quadratic",0.417338069990961,"10000"
"470","rastr","hillClimbing",0.7442067,"Hartley",0.90532512588127,"100"
"471","rastr","hillClimbing",0.7442067,"Hartley",0.907924558971581,"10000"
"472","rastr","hillClimbing",0.7442067,"Tsallis",0.0563024617507151,"10000"
"473","rastr","hillClimbing",0.7442067,"Tsallis",0.0568336316772021,"1000"
"474","rastr","hillClimbing",0.7442067,"Shannon",0.892659525248283,"10000"
"475","rastr","hillClimbing",0.7442067,"Quadratic",0.394760367018292,"100"
"476","rastr","hillClimbing",0.7442067,"Tsallis",0.0593219725890714,"10"
"477","rastr","hillClimbing",0.7442067,"Hartley",0.601243466589671,"10"
"478","rastr","hillClimbing",0.7442067,"Shannon",0.821511753083137,"100"
"479","rastr","hillClimbing",0.7442067,"Quadratic",0.336494047619047,"10"
"480","rastr","hillClimbing",0.7442067,"Shannon",0.579665717687529,"10"
"481","schaffer2","hybrid",0.8904062,"Shannon",1.27789407448087,"1000"
"482","schaffer2","hybrid",0.8904062,"Quadratic",0.593574367391587,"100"
"483","schaffer2","hybrid",0.8904062,"Hartley",1.29973170964011,"10000"
"484","schaffer2","hybrid",0.8904062,"Tsallis",0.0806523385793457,"1000"
"485","schaffer2","hybrid",0.8904062,"Tsallis",0.0808841357722085,"100"
"486","schaffer2","hybrid",0.8904062,"Hartley",1.30432776055846,"100"
"487","schaffer2","hybrid",0.8904062,"Hartley",1.30058756983786,"1000"
"488","schaffer2","hybrid",0.8904062,"Shannon",1.26637890395757,"100"
"489","schaffer2","hybrid",0.8904062,"Quadratic",0.597934109825702,"10000"
"490","schaffer2","hybrid",0.8904062,"Shannon",1.28109351040839,"10000"
"491","schaffer2","hybrid",0.8904062,"Shannon",0.96397409243351,"10"
"492","schaffer2","hybrid",0.8904062,"Quadratic",0.59676117252854,"1000"
"493","schaffer2","hybrid",0.8904062,"Tsallis",0.0788721362906382,"10"
"494","schaffer2","hybrid",0.8904062,"Hartley",1.00035615683294,"10"
"495","schaffer2","hybrid",0.8904062,"Tsallis",0.0805992783066568,"10000"
"496","schaffer2","hybrid",0.8904062,"Quadratic",0.511407738095238,"10"
"497","schaffer2","random",0.6818602,"Shannon",1.27789407448087,"1000"
"498","schaffer2","random",0.6818602,"Quadratic",0.593574367391587,"100"
"499","schaffer2","random",0.6818602,"Hartley",1.29973170964011,"10000"
"500","schaffer2","random",0.6818602,"Tsallis",0.0806523385793457,"1000"
"501","schaffer2","random",0.6818602,"Tsallis",0.0808841357722085,"100"
"502","schaffer2","random",0.6818602,"Hartley",1.30432776055846,"100"
"503","schaffer2","random",0.6818602,"Hartley",1.30058756983786,"1000"
"504","schaffer2","random",0.6818602,"Shannon",1.26637890395757,"100"
"505","schaffer2","random",0.6818602,"Quadratic",0.597934109825702,"10000"
"506","schaffer2","random",0.6818602,"Shannon",1.28109351040839,"10000"
"507","schaffer2","random",0.6818602,"Shannon",0.96397409243351,"10"
"508","schaffer2","random",0.6818602,"Quadratic",0.59676117252854,"1000"
"509","schaffer2","random",0.6818602,"Tsallis",0.0788721362906382,"10"
"510","schaffer2","random",0.6818602,"Hartley",1.00035615683294,"10"
"511","schaffer2","random",0.6818602,"Tsallis",0.0805992783066568,"10000"
"512","schaffer2","random",0.6818602,"Quadratic",0.511407738095238,"10"
"513","schaffer2","hillClimbing",0.5362564,"Shannon",1.27789407448087,"1000"
"514","schaffer2","hillClimbing",0.5362564,"Quadratic",0.593574367391587,"100"
"515","schaffer2","hillClimbing",0.5362564,"Hartley",1.29973170964011,"10000"
"516","schaffer2","hillClimbing",0.5362564,"Tsallis",0.0806523385793457,"1000"
"517","schaffer2","hillClimbing",0.5362564,"Tsallis",0.0808841357722085,"100"
"518","schaffer2","hillClimbing",0.5362564,"Hartley",1.30432776055846,"100"
"519","schaffer2","hillClimbing",0.5362564,"Hartley",1.30058756983786,"1000"
"520","schaffer2","hillClimbing",0.5362564,"Shannon",1.26637890395757,"100"
"521","schaffer2","hillClimbing",0.5362564,"Quadratic",0.597934109825702,"10000"
"522","schaffer2","hillClimbing",0.5362564,"Shannon",1.28109351040839,"10000"
"523","schaffer2","hillClimbing",0.5362564,"Shannon",0.96397409243351,"10"
"524","schaffer2","hillClimbing",0.5362564,"Quadratic",0.59676117252854,"1000"
"525","schaffer2","hillClimbing",0.5362564,"Tsallis",0.0788721362906382,"10"
"526","schaffer2","hillClimbing",0.5362564,"Hartley",1.00035615683294,"10"
"527","schaffer2","hillClimbing",0.5362564,"Tsallis",0.0805992783066568,"10000"
"528","schaffer2","hillClimbing",0.5362564,"Quadratic",0.511407738095238,"10"
"529","schaffer4","hybrid",0.8793531,"Tsallis",0.0811109036584149,"100"
"530","schaffer4","hybrid",0.8793531,"Shannon",1.26822478986521,"100"
"531","schaffer4","hybrid",0.8793531,"Quadratic",0.597302816496052,"10000"
"532","schaffer4","hybrid",0.8793531,"Hartley",1.30798441253648,"100"
"533","schaffer4","hybrid",0.8793531,"Hartley",1.2991871967056,"1000"
"534","schaffer4","hybrid",0.8793531,"Tsallis",0.0803762650675733,"10"
"535","schaffer4","hybrid",0.8793531,"Quadratic",0.594820405845783,"100"
"536","schaffer4","hybrid",0.8793531,"Shannon",1.27980028693475,"10000"
"537","schaffer4","hybrid",0.8793531,"Shannon",1.2789610311752,"1000"
"538","schaffer4","hybrid",0.8793531,"Quadratic",0.597156796575034,"1000"
"539","schaffer4","hybrid",0.8793531,"Tsallis",0.0805655018784471,"1000"
"540","schaffer4","hybrid",0.8793531,"Shannon",0.99236986192173,"10"
"541","schaffer4","hybrid",0.8793531,"Hartley",1.29931593828897,"10000"
"542","schaffer4","hybrid",0.8793531,"Tsallis",0.0805734965595188,"10000"
"543","schaffer4","hybrid",0.8793531,"Hartley",1.02888274467777,"10"
"544","schaffer4","hybrid",0.8793531,"Quadratic",0.522389880952381,"10"
"545","schaffer4","random",0.4323129,"Tsallis",0.0811109036584149,"100"
"546","schaffer4","random",0.4323129,"Shannon",1.26822478986521,"100"
"547","schaffer4","random",0.4323129,"Quadratic",0.597302816496052,"10000"
"548","schaffer4","random",0.4323129,"Hartley",1.30798441253648,"100"
"549","schaffer4","random",0.4323129,"Hartley",1.2991871967056,"1000"
"550","schaffer4","random",0.4323129,"Tsallis",0.0803762650675733,"10"
"551","schaffer4","random",0.4323129,"Quadratic",0.594820405845783,"100"
"552","schaffer4","random",0.4323129,"Shannon",1.27980028693475,"10000"
"553","schaffer4","random",0.4323129,"Shannon",1.2789610311752,"1000"
"554","schaffer4","random",0.4323129,"Quadratic",0.597156796575034,"1000"
"555","schaffer4","random",0.4323129,"Tsallis",0.0805655018784471,"1000"
"556","schaffer4","random",0.4323129,"Shannon",0.99236986192173,"10"
"557","schaffer4","random",0.4323129,"Hartley",1.29931593828897,"10000"
"558","schaffer4","random",0.4323129,"Tsallis",0.0805734965595188,"10000"
"559","schaffer4","random",0.4323129,"Hartley",1.02888274467777,"10"
"560","schaffer4","random",0.4323129,"Quadratic",0.522389880952381,"10"
"561","schaffer4","hillClimbing",0.07194061,"Tsallis",0.0811109036584149,"100"
"562","schaffer4","hillClimbing",0.07194061,"Shannon",1.26822478986521,"100"
"563","schaffer4","hillClimbing",0.07194061,"Quadratic",0.597302816496052,"10000"
"564","schaffer4","hillClimbing",0.07194061,"Hartley",1.30798441253648,"100"
"565","schaffer4","hillClimbing",0.07194061,"Hartley",1.2991871967056,"1000"
"566","schaffer4","hillClimbing",0.07194061,"Tsallis",0.0803762650675733,"10"
"567","schaffer4","hillClimbing",0.07194061,"Quadratic",0.594820405845783,"100"
"568","schaffer4","hillClimbing",0.07194061,"Shannon",1.27980028693475,"10000"
"569","schaffer4","hillClimbing",0.07194061,"Shannon",1.2789610311752,"1000"
"570","schaffer4","hillClimbing",0.07194061,"Quadratic",0.597156796575034,"1000"
"571","schaffer4","hillClimbing",0.07194061,"Tsallis",0.0805655018784471,"1000"
"572","schaffer4","hillClimbing",0.07194061,"Shannon",0.99236986192173,"10"
"573","schaffer4","hillClimbing",0.07194061,"Hartley",1.29931593828897,"10000"
"574","schaffer4","hillClimbing",0.07194061,"Tsallis",0.0805734965595188,"10000"
"575","schaffer4","hillClimbing",0.07194061,"Hartley",1.02888274467777,"10"
"576","schaffer4","hillClimbing",0.07194061,"Quadratic",0.522389880952381,"10"
"577","schwef","random",0.8383287,"Hartley",0.517608590388768,"10"
"578","schwef","random",0.8383287,"Shannon",0.745386994820978,"100"
"579","schwef","random",0.8383287,"Quadratic",0.368500853517579,"100"
"580","schwef","random",0.8383287,"Shannon",0.882430035890099,"1000"
"581","schwef","random",0.8383287,"Hartley",0.900098807512511,"1000"
"582","schwef","random",0.8383287,"Tsallis",0.0558171572089646,"1000"
"583","schwef","random",0.8383287,"Tsallis",0.0555408490867773,"100"
"584","schwef","random",0.8383287,"Hartley",0.912793743286336,"10000"
"585","schwef","random",0.8383287,"Shannon",0.502822012621751,"10"
"586","schwef","random",0.8383287,"Tsallis",0.0533193518485261,"10"
"587","schwef","random",0.8383287,"Quadratic",0.420881681264744,"10000"
"588","schwef","random",0.8383287,"Quadratic",0.295877976190476,"10"
"589","schwef","random",0.8383287,"Quadratic",0.412793600681224,"1000"
"590","schwef","random",0.8383287,"Hartley",0.831623777592173,"100"
"591","schwef","random",0.8383287,"Tsallis",0.0566044160171455,"10000"
"592","schwef","random",0.8383287,"Shannon",0.901166159036787,"10000"
"593","schwef","hybrid",0.9579353,"Hartley",0.517608590388768,"10"
"594","schwef","hybrid",0.9579353,"Shannon",0.745386994820978,"100"
"595","schwef","hybrid",0.9579353,"Quadratic",0.368500853517579,"100"
"596","schwef","hybrid",0.9579353,"Shannon",0.882430035890099,"1000"
"597","schwef","hybrid",0.9579353,"Hartley",0.900098807512511,"1000"
"598","schwef","hybrid",0.9579353,"Tsallis",0.0558171572089646,"1000"
"599","schwef","hybrid",0.9579353,"Tsallis",0.0555408490867773,"100"
"600","schwef","hybrid",0.9579353,"Hartley",0.912793743286336,"10000"
"601","schwef","hybrid",0.9579353,"Shannon",0.502822012621751,"10"
"602","schwef","hybrid",0.9579353,"Tsallis",0.0533193518485261,"10"
"603","schwef","hybrid",0.9579353,"Quadratic",0.420881681264744,"10000"
"604","schwef","hybrid",0.9579353,"Quadratic",0.295877976190476,"10"
"605","schwef","hybrid",0.9579353,"Quadratic",0.412793600681224,"1000"
"606","schwef","hybrid",0.9579353,"Hartley",0.831623777592173,"100"
"607","schwef","hybrid",0.9579353,"Tsallis",0.0566044160171455,"10000"
"608","schwef","hybrid",0.9579353,"Shannon",0.901166159036787,"10000"
"609","schwef","hillClimbing",0.6887596,"Hartley",0.517608590388768,"10"
"610","schwef","hillClimbing",0.6887596,"Shannon",0.745386994820978,"100"
"611","schwef","hillClimbing",0.6887596,"Quadratic",0.368500853517579,"100"
"612","schwef","hillClimbing",0.6887596,"Shannon",0.882430035890099,"1000"
"613","schwef","hillClimbing",0.6887596,"Hartley",0.900098807512511,"1000"
"614","schwef","hillClimbing",0.6887596,"Tsallis",0.0558171572089646,"1000"
"615","schwef","hillClimbing",0.6887596,"Tsallis",0.0555408490867773,"100"
"616","schwef","hillClimbing",0.6887596,"Hartley",0.912793743286336,"10000"
"617","schwef","hillClimbing",0.6887596,"Shannon",0.502822012621751,"10"
"618","schwef","hillClimbing",0.6887596,"Tsallis",0.0533193518485261,"10"
"619","schwef","hillClimbing",0.6887596,"Quadratic",0.420881681264744,"10000"
"620","schwef","hillClimbing",0.6887596,"Quadratic",0.295877976190476,"10"
"621","schwef","hillClimbing",0.6887596,"Quadratic",0.412793600681224,"1000"
"622","schwef","hillClimbing",0.6887596,"Hartley",0.831623777592173,"100"
"623","schwef","hillClimbing",0.6887596,"Tsallis",0.0566044160171455,"10000"
"624","schwef","hillClimbing",0.6887596,"Shannon",0.901166159036787,"10000"
"625","shubert","hillClimbing",0.6127429,"Quadratic",0.353949404761905,"10"
"626","shubert","hillClimbing",0.6127429,"Shannon",0.885512193231911,"100"
"627","shubert","hillClimbing",0.6127429,"Tsallis",0.0573353738347802,"100"
"628","shubert","hillClimbing",0.6127429,"Hartley",0.932648506086764,"1000"
"629","shubert","hillClimbing",0.6127429,"Quadratic",0.424246567723872,"10000"
"630","shubert","hillClimbing",0.6127429,"Shannon",0.612409411532202,"10"
"631","shubert","hillClimbing",0.6127429,"Hartley",0.633701857046247,"10"
"632","shubert","hillClimbing",0.6127429,"Tsallis",0.0612751306014235,"10"
"633","shubert","hillClimbing",0.6127429,"Quadratic",0.416548805091649,"100"
"634","shubert","hillClimbing",0.6127429,"Hartley",0.920151072366257,"100"
"635","shubert","hillClimbing",0.6127429,"Shannon",0.917913398972883,"1000"
"636","shubert","hillClimbing",0.6127429,"Quadratic",0.428164446587984,"1000"
"637","shubert","hillClimbing",0.6127429,"Tsallis",0.0578356426858829,"1000"
"638","shubert","hillClimbing",0.6127429,"Shannon",0.909771007036981,"10000"
"639","shubert","hillClimbing",0.6127429,"Hartley",0.922196985869892,"10000"
"640","shubert","hillClimbing",0.6127429,"Tsallis",0.0571875237768251,"10000"
"641","shubert","random",0.7272975,"Quadratic",0.353949404761905,"10"
"642","shubert","random",0.7272975,"Shannon",0.885512193231911,"100"
"643","shubert","random",0.7272975,"Tsallis",0.0573353738347802,"100"
"644","shubert","random",0.7272975,"Hartley",0.932648506086764,"1000"
"645","shubert","random",0.7272975,"Quadratic",0.424246567723872,"10000"
"646","shubert","random",0.7272975,"Shannon",0.612409411532202,"10"
"647","shubert","random",0.7272975,"Hartley",0.633701857046247,"10"
"648","shubert","random",0.7272975,"Tsallis",0.0612751306014235,"10"
"649","shubert","random",0.7272975,"Quadratic",0.416548805091649,"100"
"650","shubert","random",0.7272975,"Hartley",0.920151072366257,"100"
"651","shubert","random",0.7272975,"Shannon",0.917913398972883,"1000"
"652","shubert","random",0.7272975,"Quadratic",0.428164446587984,"1000"
"653","shubert","random",0.7272975,"Tsallis",0.0578356426858829,"1000"
"654","shubert","random",0.7272975,"Shannon",0.909771007036981,"10000"
"655","shubert","random",0.7272975,"Hartley",0.922196985869892,"10000"
"656","shubert","random",0.7272975,"Tsallis",0.0571875237768251,"10000"
"657","shubert","hybrid",0.9319516,"Quadratic",0.353949404761905,"10"
"658","shubert","hybrid",0.9319516,"Shannon",0.885512193231911,"100"
"659","shubert","hybrid",0.9319516,"Tsallis",0.0573353738347802,"100"
"660","shubert","hybrid",0.9319516,"Hartley",0.932648506086764,"1000"
"661","shubert","hybrid",0.9319516,"Quadratic",0.424246567723872,"10000"
"662","shubert","hybrid",0.9319516,"Shannon",0.612409411532202,"10"
"663","shubert","hybrid",0.9319516,"Hartley",0.633701857046247,"10"
"664","shubert","hybrid",0.9319516,"Tsallis",0.0612751306014235,"10"
"665","shubert","hybrid",0.9319516,"Quadratic",0.416548805091649,"100"
"666","shubert","hybrid",0.9319516,"Hartley",0.920151072366257,"100"
"667","shubert","hybrid",0.9319516,"Shannon",0.917913398972883,"1000"
"668","shubert","hybrid",0.9319516,"Quadratic",0.428164446587984,"1000"
"669","shubert","hybrid",0.9319516,"Tsallis",0.0578356426858829,"1000"
"670","shubert","hybrid",0.9319516,"Shannon",0.909771007036981,"10000"
"671","shubert","hybrid",0.9319516,"Hartley",0.922196985869892,"10000"
"672","shubert","hybrid",0.9319516,"Tsallis",0.0571875237768251,"10000"
